category,answer_id,question_id,question_title,author_name,char_count,story_score,voteup_count,favorite_count,url,txt_file,json_file,sha256
01_悬疑惊悚,2452710708,456100334,你听过最恐怖故事是什么？,南迦巴瓦遇见亚丁,6196,1.0,56910,45063,https://www.zhihu.com/question/456100334/answer/2452710708,01_悬疑惊悚/2452710708_456100334.txt,01_悬疑惊悚/2452710708_456100334.json,a32428b4db9949c756e8d321b890f1e11fb260ddc795aee3a38642c0f59a9c89
01_悬疑惊悚,58073221856,638824457,听过哪些民间诡异故事？,小妖UU,7390,1.0,33322,12552,https://www.zhihu.com/question/638824457/answer/58073221856,01_悬疑惊悚/58073221856_638824457.txt,01_悬疑惊悚/58073221856_638824457.json,894c72e508ad05777dfcc0c0d5790fddf94efe49825f439f593f6e5f64f78753
01_悬疑惊悚,2015152213,472870216,有没有让你感触最深的恐怖故事？,唐僧肉,5618,1.0,29624,34174,https://www.zhihu.com/question/472870216/answer/2015152213,01_悬疑惊悚/2015152213_472870216.txt,01_悬疑惊悚/2015152213_472870216.json,4acea47823061f11aa6d8216c836d8a1e0634c46686934f50c7118fab4234d79
01_悬疑惊悚,693870833,317945181,有什么让人听了背脊发凉的恐怖故事？,网易看客,6077,1.0,25671,7891,https://www.zhihu.com/question/317945181/answer/693870833,01_悬疑惊悚/693870833_317945181.txt,01_悬疑惊悚/693870833_317945181.json,b7d75c6e5f583292a69443fc27f503e9514be33e650094f71dcaed48daa1d949
01_悬疑惊悚,2413789515,456100334,你听过最恐怖故事是什么？,小柒崽子,7394,1.0,19080,20968,https://www.zhihu.com/question/456100334/answer/2413789515,01_悬疑惊悚/2413789515_456100334.txt,01_悬疑惊悚/2413789515_456100334.json,80d17d9a202abdff4b1872165645efbd5b3756a91cf5cd7f90e92e69c09fc791
01_悬疑惊悚,3472922456,317945181,有什么让人听了背脊发凉的恐怖故事？,卫雨,5950,1.0,17353,5947,https://www.zhihu.com/question/317945181/answer/3472922456,01_悬疑惊悚/3472922456_317945181.txt,01_悬疑惊悚/3472922456_317945181.json,9f1f8fb32653ea065dd620b6dba397b06fdfd6b8461830a9ee7aae33a17389de
01_悬疑惊悚,3472922544,454282020,你有什么恐怖的亲身经历嘛？,卫雨,5860,1.0,9743,4662,https://www.zhihu.com/question/454282020/answer/3472922544,01_悬疑惊悚/3472922544_454282020.txt,01_悬疑惊悚/3472922544_454282020.json,bccbe237a6e97475099dea20323927084cce81f6535eaeee710d7f28b42ec6e1
01_悬疑惊悚,2117304373,371809887,有什么巨短却超级吓人的恐怖故事？,什么都好,6873,1.0,9461,6946,https://www.zhihu.com/question/371809887/answer/2117304373,01_悬疑惊悚/2117304373_371809887.txt,01_悬疑惊悚/2117304373_371809887.json,201f41d02f2432c187cc790c9b677ad14e96b302ea0911ab9e87733b7e248254
01_悬疑惊悚,3049221661,277882723,人性到底能有多阴暗？,玄千幻,6226,1.0,9001,7869,https://www.zhihu.com/question/277882723/answer/3049221661,01_悬疑惊悚/3049221661_277882723.txt,01_悬疑惊悚/3049221661_277882723.json,81ef0128836dd2cbc39f83892acc7d7c1d81dbeae2609acf906d78fe0ddb35e2
01_悬疑惊悚,660934144,293120775,有什么真的很恐怖或细思恐极的鬼故事？,CD半张脸,5990,1.0,8355,3812,https://www.zhihu.com/question/293120775/answer/660934144,01_悬疑惊悚/660934144_293120775.txt,01_悬疑惊悚/660934144_293120775.json,514d618845c4e50f0a9b41601ea79471ed1680265b61c50b145b2e6a3b9fd6a3
01_悬疑惊悚,2602194032,456100334,你听过最恐怖故事是什么？,宛宛,6573,1.0,8166,3443,https://www.zhihu.com/question/456100334/answer/2602194032,01_悬疑惊悚/2602194032_456100334.txt,01_悬疑惊悚/2602194032_456100334.json,e96e5caedd516186a8b1eebd86c88b2ea2b017e693dbbb0d1d95b121718dbdff
01_悬疑惊悚,3313087877,584299454,有没有烧脑又惊悚的规则怪谈故事？,虎虎生威大王,5514,1.0,7605,1305,https://www.zhihu.com/question/584299454/answer/3313087877,01_悬疑惊悚/3313087877_584299454.txt,01_悬疑惊悚/3313087877_584299454.json,dcd41a0180e359718f85f2d14ca9e68da576c4bddaaa2ff04b6f7c8a77aaba45
01_悬疑惊悚,2953170707,317945181,有什么让人听了背脊发凉的恐怖故事？,白泽丧葬用品店,5963,1.0,7155,5452,https://www.zhihu.com/question/317945181/answer/2953170707,01_悬疑惊悚/2953170707_317945181.txt,01_悬疑惊悚/2953170707_317945181.json,d551033761e2ff85eed22cfa652a372a068b5c30bfd7e2e837f35fbf05e2ff2e
01_悬疑惊悚,3446508348,454282020,你有什么恐怖的亲身经历嘛？,盐言故事档案局,6199,1.0,6460,725,https://www.zhihu.com/question/454282020/answer/3446508348,01_悬疑惊悚/3446508348_454282020.txt,01_悬疑惊悚/3446508348_454282020.json,bda28ecaa23984d530957ab866265a93eb4e5d7bd58beef6b0dda6db06724179
01_悬疑惊悚,3561336839,476187441,有没有病娇文?！！！！？,几颗桃子,5487,1.0,6114,3696,https://www.zhihu.com/question/476187441/answer/3561336839,01_悬疑惊悚/3561336839_476187441.txt,01_悬疑惊悚/3561336839_476187441.json,fa5f6626ce58d42779ae2d594e30e125b9b9afbf17871010e5ed9419ac918110
01_悬疑惊悚,3588042353,289148822,你看过最恐怖的鬼故事是什么？,白泽丧葬用品店,5597,1.0,5998,2120,https://www.zhihu.com/question/289148822/answer/3588042353,01_悬疑惊悚/3588042353_289148822.txt,01_悬疑惊悚/3588042353_289148822.json,7bc4264ca431ee8c98b3ca30784c85ad6942283e850dc46b155ca373e8d21be3
01_悬疑惊悚,894249927,348025005,有哪些诡异邪性的民间故事？,稳健,6180,1.0,5969,1345,https://www.zhihu.com/question/348025005/answer/894249927,01_悬疑惊悚/894249927_348025005.txt,01_悬疑惊悚/894249927_348025005.json,816e792b2a5290317cf806012d888b2df4bc8845d0f98f06b8e6c90b3789a619
01_悬疑惊悚,2539757811,21490596,你所经历过的最恐怖惊悚的故事是什么？,为为武功盖世,5537,1.0,5646,5452,https://www.zhihu.com/question/21490596/answer/2539757811,01_悬疑惊悚/2539757811_21490596.txt,01_悬疑惊悚/2539757811_21490596.json,6d36949eceb4f8be7675802789d2148dbb122e67f649c641c68b5ec1417d526e
01_悬疑惊悚,2411505091,21490596,你所经历过的最恐怖惊悚的故事是什么？,推理档案馆,6275,1.0,5332,4558,https://www.zhihu.com/question/21490596/answer/2411505091,01_悬疑惊悚/2411505091_21490596.txt,01_悬疑惊悚/2411505091_21490596.json,3c3307f5a4d232616ba99cddd9c1b062958c4849881d0b920fefd199017d2454
01_悬疑惊悚,2643590059,287860022,有哪些恐怖到极致的故事?,大笛,9679,1.0,5233,5623,https://www.zhihu.com/question/287860022/answer/2643590059,01_悬疑惊悚/2643590059_287860022.txt,01_悬疑惊悚/2643590059_287860022.json,30fec6945fcef704a833c56926a11490dd14f3b1e5e18543c6623d0dd5c32687
01_悬疑惊悚,1593863773,352776383,你见过最恐怖的事是什么？,惊人院,7904,1.0,4740,4430,https://www.zhihu.com/question/352776383/answer/1593863773,01_悬疑惊悚/1593863773_352776383.txt,01_悬疑惊悚/1593863773_352776383.json,399a034b6954e265a0b40e6a9643e33ac55cbb052d5eb0247fb6db66b1e6e1e1
01_悬疑惊悚,77849243150,584299454,有没有烧脑又惊悚的规则怪谈故事？,道士十七,7055,1.0,4664,1843,https://www.zhihu.com/question/584299454/answer/77849243150,01_悬疑惊悚/77849243150_584299454.txt,01_悬疑惊悚/77849243150_584299454.json,80f4c2a0f58d0caa36fc06374a1a642a038561e54fccae8298ba2171cc30ea2c
01_悬疑惊悚,2623183218,534844897,如何以「我怀疑，我是恐怖小说的NPC」为开头写一篇文？,,9856,1.0,4659,3934,https://www.zhihu.com/question/534844897/answer/2623183218,01_悬疑惊悚/2623183218_534844897.txt,01_悬疑惊悚/2623183218_534844897.json,ee047409aa9f9639bb1089935b466e3c691cec822b9a3780049cfdf27a9d10a3
01_悬疑惊悚,692957547,318486013,是什么样的鬼故事吓了你十几年？,匿名用户,5158,1.0,4579,1693,https://www.zhihu.com/question/318486013/answer/692957547,01_悬疑惊悚/692957547_318486013.txt,01_悬疑惊悚/692957547_318486013.json,e22e74195175ebe45344631cbeca54fb94519e6fa6cb656d6b5a4bddd69bc0c3
01_悬疑惊悚,3079881047,419328419,民间有哪些灵异禁忌？,灵猫故事会,8951,1.0,4527,294,https://www.zhihu.com/question/419328419/answer/3079881047,01_悬疑惊悚/3079881047_419328419.txt,01_悬疑惊悚/3079881047_419328419.json,b3b5e99a0d1bb940d00579091aa701005daee88c657be9aec3527520faab25dc
01_悬疑惊悚,3212845094,60878189,人性到底可以恐怖到什么地步？,初见,9956,1.0,4338,1577,https://www.zhihu.com/question/60878189/answer/3212845094,01_悬疑惊悚/3212845094_60878189.txt,01_悬疑惊悚/3212845094_60878189.json,55c45ae29d89b9de6ca4e560cb3fa30007e000ee1ce46a08ad0a9ee152729bde
01_悬疑惊悚,2469014191,505507304,有没有高质量的规则类怪谈？,ANDRED-SLYUMOV,5664,1.0,4129,4438,https://www.zhihu.com/question/505507304/answer/2469014191,01_悬疑惊悚/2469014191_505507304.txt,01_悬疑惊悚/2469014191_505507304.json,38aa505816e2d21eae3c08c7ff856e8750e54712f981a78d29a4e72babd901fe
01_悬疑惊悚,2097215871,46404678,有哪些剧情反转的有趣故事？,小尘,6481,1.0,4101,3284,https://www.zhihu.com/question/46404678/answer/2097215871,01_悬疑惊悚/2097215871_46404678.txt,01_悬疑惊悚/2097215871_46404678.json,583aa47ddfa247dc5f3501ca241921596be49e65bac4f504a320c52c4cbe1363
01_悬疑惊悚,3462740936,565366932,有没有爽到头皮发麻的爽文？,七水,9117,1.0,3984,1372,https://www.zhihu.com/question/565366932/answer/3462740936,01_悬疑惊悚/3462740936_565366932.txt,01_悬疑惊悚/3462740936_565366932.json,fa2bef99a2606b43e8fe06e7b08a1efa7bbfcca96ccf050cf247245c8aee7f38
01_悬疑惊悚,2476154421,472870216,有没有让你感触最深的恐怖故事？,南迦巴瓦遇见亚丁,6417,1.0,3816,4338,https://www.zhihu.com/question/472870216/answer/2476154421,01_悬疑惊悚/2476154421_472870216.txt,01_悬疑惊悚/2476154421_472870216.json,8bd73a614739080eef8303b10a2aa28d9982ce740d06c5567eb590eae946c1ba
01_悬疑惊悚,2435735111,526512935,长篇创作马拉松第二季：有哪些推理满分或脑洞十足的故事让人大呼过瘾？,海的鸽子,8367,1.0,3795,4211,https://www.zhihu.com/question/526512935/answer/2435735111,01_悬疑惊悚/2435735111_526512935.txt,01_悬疑惊悚/2435735111_526512935.json,91dd116be24895d24ef13bc9e59b3afa3640fbf4eecffa1c5d2273f4d85e96ad
01_悬疑惊悚,3399250684,352071986,有没有好看的完结末世丧尸文？,草木生生,7996,1.0,3685,1077,https://www.zhihu.com/question/352071986/answer/3399250684,01_悬疑惊悚/3399250684_352071986.txt,01_悬疑惊悚/3399250684_352071986.json,08bf63c7d8c40691e958909ab7c5422c5e96232b34dafe2bcff66223a424e993
01_悬疑惊悚,3275830426,559196648,有没有非常刺激的病娇文？,黎浓露,5128,1.0,3675,2359,https://www.zhihu.com/question/559196648/answer/3275830426,01_悬疑惊悚/3275830426_559196648.txt,01_悬疑惊悚/3275830426_559196648.json,501c551ef6390fbc2d2d157e07fab0462c84f38f42592d3b317f918a925be85c
01_悬疑惊悚,2944521006,348025005,有哪些诡异邪性的民间故事？,中书君,5005,1.0,3622,4204,https://www.zhihu.com/question/348025005/answer/2944521006,01_悬疑惊悚/2944521006_348025005.txt,01_悬疑惊悚/2944521006_348025005.json,57c758fb015be85247f310664b98b0f5a32cfaa3c9e00a6d4dc3224072178ff7
01_悬疑惊悚,2405516386,21490596,你所经历过的最恐怖惊悚的故事是什么？,胖可丁,7759,1.0,3529,3462,https://www.zhihu.com/question/21490596/answer/2405516386,01_悬疑惊悚/2405516386_21490596.txt,01_悬疑惊悚/2405516386_21490596.json,45d42d06023d18863ba29db5081b83770c6a541ca829d3eb5a03db5ab94efe0c
01_悬疑惊悚,3341945229,340472181,有哪些你看过不舍得删的种田文？,风触琴鸣,6259,1.0,3342,1778,https://www.zhihu.com/question/340472181/answer/3341945229,01_悬疑惊悚/3341945229_340472181.txt,01_悬疑惊悚/3341945229_340472181.json,126cbcb51a4745880d4223b3f35776a3ec8a322d2f65ad953761ad17fac12d89
01_悬疑惊悚,2537057181,37248069,有哪些令人拍案叫绝的推理桥段？,黄苏苏,9330,1.0,3112,6424,https://www.zhihu.com/question/37248069/answer/2537057181,01_悬疑惊悚/2537057181_37248069.txt,01_悬疑惊悚/2537057181_37248069.json,541f19fd3cd3a8a0acf7073be5ec407bbf40c246d81f839b22e8d9878e9ba097
01_悬疑惊悚,3169826813,459329916,你经历的最恐怖的瞬间是什么 ?,Ginn,6760,1.0,2975,1458,https://www.zhihu.com/question/459329916/answer/3169826813,01_悬疑惊悚/3169826813_459329916.txt,01_悬疑惊悚/3169826813_459329916.json,3833507763ffa741f865c01cf928ebddf2a232ec4aa8dd66f6abb47381642e43
01_悬疑惊悚,2763928800,534844897,如何以「我怀疑，我是恐怖小说的NPC」为开头写一篇文？,,8793,1.0,2919,1623,https://www.zhihu.com/question/534844897/answer/2763928800,01_悬疑惊悚/2763928800_534844897.txt,01_悬疑惊悚/2763928800_534844897.json,55a2faabe73197a46e804ca1f403ccad10181bc0a2dbae03b1cc56023c68be19
01_悬疑惊悚,1859328724,293120775,有什么真的很恐怖或细思恐极的鬼故事？,怪奇异闻录,8209,1.0,2872,1981,https://www.zhihu.com/question/293120775/answer/1859328724,01_悬疑惊悚/1859328724_293120775.txt,01_悬疑惊悚/1859328724_293120775.json,76b611cfed4aaf6bcab0b79f4e32b0270cd1692df383d494a9102ed6c9c02501
02_古风穿越重生,3323322477,336867937,有没有女主性格很冷漠小说?,十四棋,6632,1.0,89623,40384,https://www.zhihu.com/question/336867937/answer/3323322477,02_古风穿越重生/3323322477_336867937.txt,02_古风穿越重生/3323322477_336867937.json,2f9b875817a32ad9821a6e272bb0415991022e1adb3f026269c3ac7ce256b816
02_古风穿越重生,2686099700,342327227,有哪些好看的宅斗文值得推荐?,宫墙往事,6443,1.0,70996,36390,https://www.zhihu.com/question/342327227/answer/2686099700,02_古风穿越重生/2686099700_342327227.txt,02_古风穿越重生/2686099700_342327227.json,47757bca9daf31bab78d6a11a978fb4814c02ff7046a1729441a4834f71a1534
02_古风穿越重生,2527439627,537501620,如何以「他说要娶我，予我凤冠霞帔，不曾想到头来却食了言」为开头写一篇不是为虐而虐的虐文？,半裁明月,6585,1.0,65108,98071,https://www.zhihu.com/question/537501620/answer/2527439627,02_古风穿越重生/2527439627_537501620.txt,02_古风穿越重生/2527439627_537501620.json,794ed0abc62098b1106cba0e39ecad1e2ef0da03b5673f05867e709f93c7d0b7
02_古风穿越重生,3071436220,458336079,有什么好看的女配文吗？,宫墙往事,5886,1.0,41958,11814,https://www.zhihu.com/question/458336079/answer/3071436220,02_古风穿越重生/3071436220_458336079.txt,02_古风穿越重生/3071436220_458336079.json,c652c3f6ab45bfe750774b9f09393de001813358b03a9a3e0dfe2474b7d8a0b1
02_古风穿越重生,1631935032,426631158,如何以「我是他结发十年的太子妃，他登基后却只封我为贵妃」开头写一个故事？,那年初夏,8557,1.0,39006,32091,https://www.zhihu.com/question/426631158/answer/1631935032,02_古风穿越重生/1631935032_426631158.txt,02_古风穿越重生/1631935032_426631158.json,0d076f3b813ce3494b2b5f5d2fd25754471299f0cde9050d276a720668f9fd3e
02_古风穿越重生,3271930719,543129935,有什么复仇爽文这类文推荐吗？,啦啦啦,6264,1.0,38794,9915,https://www.zhihu.com/question/543129935/answer/3271930719,02_古风穿越重生/3271930719_543129935.txt,02_古风穿越重生/3271930719_543129935.json,e71e5c0f743aef09594be146bfaad47aedd1df56fa67e137000acc6e5725e84a
02_古风穿越重生,3497433145,497298931,有什么女主比较佛系，高质量的古言推荐？,想不到,6393,1.0,28610,12866,https://www.zhihu.com/question/497298931/answer/3497433145,02_古风穿越重生/3497433145_497298931.txt,02_古风穿越重生/3497433145_497298931.json,6b4a191a7e00c940044d726c1564b7d3d212559eb544d839a7205df3a84ed285
02_古风穿越重生,1589224479,430397988,如何以「我重生在反派boss的床上」为开头写一篇故事？,玉米晓夫,6042,1.0,28394,36291,https://www.zhihu.com/question/430397988/answer/1589224479,02_古风穿越重生/1589224479_430397988.txt,02_古风穿越重生/1589224479_430397988.json,48a73fbdf9dcac80c66e41168ab22b16ac23892e81890d502afb978a00f3c5d3
02_古风穿越重生,3451477373,333069559,有哪些好看的重生古言？,否寿春,9797,1.0,26749,4776,https://www.zhihu.com/question/333069559/answer/3451477373,02_古风穿越重生/3451477373_333069559.txt,02_古风穿越重生/3451477373_333069559.json,9219b5386351fa7c5acbf62f69faf077de106f164b9e1997315abd4e6194bb88
02_古风穿越重生,2072707481,480427802,如何以「今日宴席上的舞姬与先皇后长得一模一样」为开头写一个故事？,林璃,5718,1.0,26488,29853,https://www.zhihu.com/question/480427802/answer/2072707481,02_古风穿越重生/2072707481_480427802.txt,02_古风穿越重生/2072707481_480427802.json,b8d8db9e2e624259fd7394c4c41dd614ab9883252eaa151d069bc31d73a9d2d4
02_古风穿越重生,2095520381,52992276,当后宫争宠时，皇帝在想什么？,人间废料,6914,1.0,24402,15341,https://www.zhihu.com/question/52992276/answer/2095520381,02_古风穿越重生/2095520381_52992276.txt,02_古风穿越重生/2095520381_52992276.json,f03ac1bedffcb2c83df4ea548f58e38a9afecae0219bd4e0acecf8c2bb5d8c04
02_古风穿越重生,2768241024,383441037,有没有什么让你念念不忘的古言推荐？,夜的第七梦,8932,1.0,23724,12826,https://www.zhihu.com/question/383441037/answer/2768241024,02_古风穿越重生/2768241024_383441037.txt,02_古风穿越重生/2768241024_383441037.json,faeaf7b935a6ea0b2d94ca10c97d47edc64ec95923619e5047061d709e0f021b
02_古风穿越重生,3366398532,333069559,有哪些好看的重生古言？,冰溏心西瓜,5471,1.0,20382,2699,https://www.zhihu.com/question/333069559/answer/3366398532,02_古风穿越重生/3366398532_333069559.txt,02_古风穿越重生/3366398532_333069559.json,1ff6fd1f26df8f983f7e33bb6446d5d0f25c0ca8fd8ac953f85b41db129fa8f0
02_古风穿越重生,3374100910,389863691,有没有女主是妖艳贱货类型的古言小说？,森林小香樟,6965,1.0,20101,9868,https://www.zhihu.com/question/389863691/answer/3374100910,02_古风穿越重生/3374100910_389863691.txt,02_古风穿越重生/3374100910_389863691.json,cb2db2121e6e92a1ba800494517ad68735a64b236dc42cacc6448a5a452326d5
02_古风穿越重生,2344342078,445174404,有没有魂穿恶毒女配最后顺利拿下男主的甜文？,散发弄扁舟,6176,1.0,19873,26300,https://www.zhihu.com/question/445174404/answer/2344342078,02_古风穿越重生/2344342078_445174404.txt,02_古风穿越重生/2344342078_445174404.json,18bb6e350acfa6870a9e3e2a630968c20db5623eec33771a15706e0dccdb2fc0
02_古风穿越重生,2880269982,50291345,有没有什么好看的女配修仙文？,神仙研究所,6598,1.0,19257,8269,https://www.zhihu.com/question/50291345/answer/2880269982,02_古风穿越重生/2880269982_50291345.txt,02_古风穿越重生/2880269982_50291345.json,8811a575b751bbb0b8287d075d657b33b833deb78e582952162e48657782a0b8
02_古风穿越重生,2916747611,433114720,有没有爆笑无脑沙雕文可以推荐一下?,小尘,6938,1.0,18756,16201,https://www.zhihu.com/question/433114720/answer/2916747611,02_古风穿越重生/2916747611_433114720.txt,02_古风穿越重生/2916747611_433114720.json,a8e3759280078f7957fd430d49fdb59f5ebadfb0936d293cc1c48e7b56ce7d72
02_古风穿越重生,3520819374,643804304,有没有好看的双男主文啊？,dejavuuuuu,5619,1.0,16656,6841,https://www.zhihu.com/question/643804304/answer/3520819374,02_古风穿越重生/3520819374_643804304.txt,02_古风穿越重生/3520819374_643804304.json,7e1c863dc2d4d8c3a91f2db805cb1a8a27b0312c3dc99ff9baf8186c06e6f371
02_古风穿越重生,2628079790,543206973,如何以【穿越成乙女游戏里的小透明】为开头，写一部小说？,白藏,8609,1.0,15835,33302,https://www.zhihu.com/question/543206973/answer/2628079790,02_古风穿越重生/2628079790_543206973.txt,02_古风穿越重生/2628079790_543206973.json,a531f7732dfa95d1b28594b81d1f7750f04ad5328d28c3b757abad78ede350b9
02_古风穿越重生,3074603341,529774896,有没有什么爽文，看了特别上头那种？,半日闲闲,9319,1.0,15471,16520,https://www.zhihu.com/question/529774896/answer/3074603341,02_古风穿越重生/3074603341_529774896.txt,02_古风穿越重生/3074603341_529774896.json,2de751af3c4124aba02b080f74833b0cb663ad91d71521587f245563441eab93
02_古风穿越重生,2251273199,426631158,如何以「我是他结发十年的太子妃，他登基后却只封我为贵妃」开头写一个故事？,梦境失火,8251,1.0,14640,17335,https://www.zhihu.com/question/426631158/answer/2251273199,02_古风穿越重生/2251273199_426631158.txt,02_古风穿越重生/2251273199_426631158.json,784cf48f8e58656635dc36cef42bb4712093b76f066789dbc8b43836e233d79b
02_古风穿越重生,2149938131,46404678,有哪些剧情反转的有趣故事？,菇 凉子,5235,1.0,14176,15391,https://www.zhihu.com/question/46404678/answer/2149938131,02_古风穿越重生/2149938131_46404678.txt,02_古风穿越重生/2149938131_46404678.json,8cd79373ec3239f579eae5c3a3b58a0eaa394b9f4487fbcb4ca5dab3aee07951
02_古风穿越重生,3097499839,379851760,有什么特别好看的重生文可以推荐？,青衫如故,5989,1.0,12741,13340,https://www.zhihu.com/question/379851760/answer/3097499839,02_古风穿越重生/3097499839_379851760.txt,02_古风穿越重生/3097499839_379851760.json,ceeff1aa92bd7c105c47c882cc181c56c019c292782ad5a3a8f2c500ad594b97
02_古风穿越重生,2675261066,391073310,如果你是娱乐圈文的女配你会怎么做？,海带结,6659,1.0,11641,10559,https://www.zhihu.com/question/391073310/answer/2675261066,02_古风穿越重生/2675261066_391073310.txt,02_古风穿越重生/2675261066_391073310.json,b3b6561d255b96498b958734994163cddb1a9b4f2a7adfdb7fce3efaac7010c9
02_古风穿越重生,3114910977,326607114,有超级沙雕又甜甜的言情小说推荐吗?,江祭酒,5744,1.0,11419,6507,https://www.zhihu.com/question/326607114/answer/3114910977,02_古风穿越重生/3114910977_326607114.txt,02_古风穿越重生/3114910977_326607114.json,55974a76a9abc9e7711934ab402d54956e258fa37ebda37e1eebde8942d12180
02_古风穿越重生,131735036,52597335,如何写一个反俗套的穿越故事？,无色方糖,9547,1.0,11303,12298,https://www.zhihu.com/question/52597335/answer/131735036,02_古风穿越重生/131735036_52597335.txt,02_古风穿越重生/131735036_52597335.json,7d878b7296dd9b11f107097f4683f5982cf087208878307a0790a014681d6132
02_古风穿越重生,2482996266,502656846,如何以“我爹造反了，我成了最为尊贵的嫡公主”为开头写一篇文？,圆滚滚aunt,5954,1.0,11095,19283,https://www.zhihu.com/question/502656846/answer/2482996266,02_古风穿越重生/2482996266_502656846.txt,02_古风穿越重生/2482996266_502656846.json,568570f08dfdecb35aa419965b5f169bea47c37e15326c2f827154ec5d857423
02_古风穿越重生,2833830388,342327227,有哪些好看的宅斗文值得推荐?,铁矿公主,5249,1.0,11029,7775,https://www.zhihu.com/question/342327227/answer/2833830388,02_古风穿越重生/2833830388_342327227.txt,02_古风穿越重生/2833830388_342327227.json,252c17a2415eab53ae7c4b36754a5f17385e4b0c29de5bcf82a2e3db38316d69
02_古风穿越重生,1855126386,455531791,如何以「娘娘，城破了」为开头写一个故事？,谢拉格的雪,8218,1.0,10752,15437,https://www.zhihu.com/question/455531791/answer/1855126386,02_古风穿越重生/1855126386_455531791.txt,02_古风穿越重生/1855126386_455531791.json,e0b1b088051c0659866cfb496f8a0160cf5bbe24e3f34ba2f61ececaa1542cc2
02_古风穿越重生,2533257116,67049681,有哪些让你笑到合不拢嘴的故事？,春日忆乐,5997,1.0,10034,13581,https://www.zhihu.com/question/67049681/answer/2533257116,02_古风穿越重生/2533257116_67049681.txt,02_古风穿越重生/2533257116_67049681.json,36ca3875e61f9a84bb58067396120301d84ed2187707b129af2e1e1f34267260
02_古风穿越重生,2388104853,379851760,有什么特别好看的重生文可以推荐？,巧克力阿华甜,9011,1.0,9812,9620,https://www.zhihu.com/question/379851760/answer/2388104853,02_古风穿越重生/2388104853_379851760.txt,02_古风穿越重生/2388104853_379851760.json,ead2cd6513c21e10bb0937de79f5a7b80dc892224eb7bb8e5e8fd69b2a3226e0
02_古风穿越重生,1582574211,430397988,如何以「我重生在反派boss的床上」为开头写一篇故事？,啦啦啦啦,5941,1.0,9405,16769,https://www.zhihu.com/question/430397988/answer/1582574211,02_古风穿越重生/1582574211_430397988.txt,02_古风穿越重生/1582574211_430397988.json,8eb89e4532af13b6e03a9ec87a5de31cfa893a50f3e8fae203f629b06e5f62cd
02_古风穿越重生,1638696603,430397988,如何以「我重生在反派boss的床上」为开头写一篇故事？,随小轻,6139,1.0,9154,10850,https://www.zhihu.com/question/430397988/answer/1638696603,02_古风穿越重生/1638696603_430397988.txt,02_古风穿越重生/1638696603_430397988.json,7841c388930a6f66dfca9f7297db5bd7937e6d3de205e59bfcc5287569b70ccc
02_古风穿越重生,1381975395,407738304,你穿到一个修仙文变成了一个试图勾引男主的恶毒女配，怎么办？,忍冬,9551,1.0,9092,5745,https://www.zhihu.com/question/407738304/answer/1381975395,02_古风穿越重生/1381975395_407738304.txt,02_古风穿越重生/1381975395_407738304.json,3676143ec0e12106d373a2448d2879fe4bccf9763fb2d2712f35890c003b42e6
02_古风穿越重生,42446259445,438657463,有没有那种全程都甜，而且甜而不腻的古言小说？,三牧,6743,1.0,9017,2243,https://www.zhihu.com/question/438657463/answer/42446259445,02_古风穿越重生/42446259445_438657463.txt,02_古风穿越重生/42446259445_438657463.json,c46c8a65ee476c2ace9b006fd91f7551391ea243dd58c1ea9cb754768638c5c9
02_古风穿越重生,2673556567,520360740,有没有一篇突然自己是恶毒女配怎么办？不要魂穿，就是原本的，不要那种一转变了别人就是坏人，或者都喜欢她？,南阿桥,9163,1.0,8791,8721,https://www.zhihu.com/question/520360740/answer/2673556567,02_古风穿越重生/2673556567_520360740.txt,02_古风穿越重生/2673556567_520360740.json,da2bc59cea9c39d48437c4a0cc0c244b9faf0a7e4644c016d0d1390c5923c05e
02_古风穿越重生,2331947834,342257847,如果你穿越成小说中的恶毒女配你该怎么做？,绝美小鱼肝,7589,1.0,8608,7453,https://www.zhihu.com/question/342257847/answer/2331947834,02_古风穿越重生/2331947834_342257847.txt,02_古风穿越重生/2331947834_342257847.json,db2deeb020911feecb6d1a6c8373320bff1e37933c7da0355a074e31a22f77ac
02_古风穿越重生,1847545448,389811238,如果你是要去和亲的公主，你会怎么做？,阿阿小毛,9508,1.0,8449,10837,https://www.zhihu.com/question/389811238/answer/1847545448,02_古风穿越重生/1847545448_389811238.txt,02_古风穿越重生/1847545448_389811238.json,5c83f6b8b3bfb96c9f42413048159db38f450e3e9767f5161afde24be9051e33
02_古风穿越重生,3163672295,337395465,有什么系统文好看的？,众生同学,7498,1.0,8350,2609,https://www.zhihu.com/question/337395465/answer/3163672295,02_古风穿越重生/3163672295_337395465.txt,02_古风穿越重生/3163672295_337395465.json,447b4088843fd1f1e9cf675c5ac4bf8580532e7c4e092734e3636ff7570f668d
02_古风穿越重生,2993098345,358898140,有没有什么女主很沙雕的小说推荐？,豆乳米麻薯,9867,1.0,8271,10258,https://www.zhihu.com/question/358898140/answer/2993098345,02_古风穿越重生/2993098345_358898140.txt,02_古风穿越重生/2993098345_358898140.json,da732026938b43b563b9cf8fd6a0a4af751c99b3600e77bb174ef901bca1593e
03_现代情感家庭,2116157283,370185634,有没有短短几段却糖分超标的小甜文？,闲得无聊的仙女,9504,1.0,154395,201188,https://www.zhihu.com/question/370185634/answer/2116157283,03_现代情感家庭/2116157283_370185634.txt,03_现代情感家庭/2116157283_370185634.json,2838fdbee8342928cbfe6e7599d77349586cab1cdbca683c894576f62f85f2bd
03_现代情感家庭,1098353532,335946791,你正在经历怎样的婚姻生活？,匿名用户,6108,1.0,55223,30712,https://www.zhihu.com/question/335946791/answer/1098353532,03_现代情感家庭/1098353532_335946791.txt,03_现代情感家庭/1098353532_335946791.json,1bcb520e59720b959db617fc639cf097b92f6196b06029cc4c14dd0acbb3dbaf
03_现代情感家庭,2148819383,370185634,有没有短短几段却糖分超标的小甜文？,月亮与六遍是,5368,1.0,52895,52107,https://www.zhihu.com/question/370185634/answer/2148819383,03_现代情感家庭/2148819383_370185634.txt,03_现代情感家庭/2148819383_370185634.json,791945aa02b5746f6090a5c8c1d0cb4ed4e04b87c804a41034d5c9acf92bac8b
03_现代情感家庭,2032319901,54521601,有没有那种男主暗恋女主很久，一步步让女主爱上自己的小说？,吃西瓜不吐西瓜皮,9477,1.0,49256,63296,https://www.zhihu.com/question/54521601/answer/2032319901,03_现代情感家庭/2032319901_54521601.txt,03_现代情感家庭/2032319901_54521601.json,04c42adbb953aee2866367ce4fab7a46300d5e64ad9f84505a770e7a5d4b1185
03_现代情感家庭,1744395623,434057045,如何以“一觉醒来，我发现我被青梅竹马囚禁了”为开头写一本小说？,巧克力阿华甜,9146,1.0,47965,44864,https://www.zhihu.com/question/434057045/answer/1744395623,03_现代情感家庭/1744395623_434057045.txt,03_现代情感家庭/1744395623_434057045.json,536027a81d1a86d2928e904bffb2a3497875a489ce766b7f0f9c4c0d50c2899b
03_现代情感家庭,1942136432,310840652,有哪些男主对女主“真香”的好看小说？,魏满十四碎,7800,1.0,30816,33296,https://www.zhihu.com/question/310840652/answer/1942136432,03_现代情感家庭/1942136432_310840652.txt,03_现代情感家庭/1942136432_310840652.json,c5d21dca15be09e7c7ea45b93e6d65f993c6ef80263a1950a70891e60b1aff0d
03_现代情感家庭,2513540600,435660779,有没有什么甜甜的小故事?,如期,7525,1.0,29224,39170,https://www.zhihu.com/question/435660779/answer/2513540600,03_现代情感家庭/2513540600_435660779.txt,03_现代情感家庭/2513540600_435660779.json,6d851ef58fec5eed68862f5d33c0ca140c09a0b5b82e32247af3e4ab16d2b5b5
03_现代情感家庭,1722040836,441456266,社恐碰到病娇会发生什么？,yueyang月牙,5680,1.0,26843,26435,https://www.zhihu.com/question/441456266/answer/1722040836,03_现代情感家庭/1722040836_441456266.txt,03_现代情感家庭/1722040836_441456266.json,238c732867ff39193cddbe03de577c9f9c6ad2fa4cd135415fe9702174bdea4f
03_现代情感家庭,1812134886,369876548,你有没有一个像谢景行那样的白月光男主?,神仙研究所,5105,1.0,24500,29428,https://www.zhihu.com/question/369876548/answer/1812134886,03_现代情感家庭/1812134886_369876548.txt,03_现代情感家庭/1812134886_369876548.json,d0895ed08412cb54cf924d8e47b477d871f574638c25d4eff81372342e2cdce0
03_现代情感家庭,2600771831,457451174,有什么超甜小甜文吗？,弗拉基米尔王冠,5148,1.0,24034,26280,https://www.zhihu.com/question/457451174/answer/2600771831,03_现代情感家庭/2600771831_457451174.txt,03_现代情感家庭/2600771831_457451174.json,47f84c6e8eb1fb026b451b25f6aee858c6131b227c78c6556308d089273067fc
03_现代情感家庭,3301908889,595870043,有没有超级好看的病娇文啊？,至椿禾,5302,1.0,23385,11778,https://www.zhihu.com/question/595870043/answer/3301908889,03_现代情感家庭/3301908889_595870043.txt,03_现代情感家庭/3301908889_595870043.json,082d21fd04a107fefb42d63667d10b95d7e0a3c8e45c9a68d488b89050b38faa
03_现代情感家庭,2546614083,441456266,社恐碰到病娇会发生什么？,有朝一日,7618,1.0,23102,23369,https://www.zhihu.com/question/441456266/answer/2546614083,03_现代情感家庭/2546614083_441456266.txt,03_现代情感家庭/2546614083_441456266.json,c3e5728eb9c02bc70daac0b75fd3d6845314146f00b9736404a4f6b1bbc7e5ae
03_现代情感家庭,2705402225,459071698,有没有白月光打脸替身的文?,殷姬公子,7501,1.0,22531,14148,https://www.zhihu.com/question/459071698/answer/2705402225,03_现代情感家庭/2705402225_459071698.txt,03_现代情感家庭/2705402225_459071698.json,f731404d6702e0d8bbb44af5b76a05d6f01c3909db7e6b0dd2f0cddb3d3b7ddd
03_现代情感家庭,2697332684,520125263,有没有追妻火葬场的虐心故事?,吃西瓜不吐西瓜皮,6149,1.0,22323,21107,https://www.zhihu.com/question/520125263/answer/2697332684,03_现代情感家庭/2697332684_520125263.txt,03_现代情感家庭/2697332684_520125263.json,4f8ebafa2022faa56caac4dd1e65c2314b20029b41f8ed790d15caef0c0408ea
03_现代情感家庭,2001750825,333114370,有没有能把你甜哭的短篇小说?,张若妤,6496,1.0,21741,37754,https://www.zhihu.com/question/333114370/answer/2001750825,03_现代情感家庭/2001750825_333114370.txt,03_现代情感家庭/2001750825_333114370.json,51c3d6ef5fab39bd90e2198e72ac4a08f88756e0d4065796395d896c72ef5866
03_现代情感家庭,2864330397,336867937,有没有女主性格很冷漠小说?,莺时,5341,1.0,21335,18053,https://www.zhihu.com/question/336867937/answer/2864330397,03_现代情感家庭/2864330397_336867937.txt,03_现代情感家庭/2864330397_336867937.json,6ea87e982df1646439c125823c083d9adc2dd6ae554e4f0275d150332a17160a
03_现代情感家庭,1382306524,407609343,如果你穿越成了病娇反派的白月光怎么办?,颜生w,5231,1.0,21103,22881,https://www.zhihu.com/question/407609343/answer/1382306524,03_现代情感家庭/1382306524_407609343.txt,03_现代情感家庭/1382306524_407609343.json,33d5bb5d6806759da61d0b1b5c697d7eeac535cad7e6cd5ca98bef71a1a56468
03_现代情感家庭,2774467976,372168103,一个人被两个病娇同时盯上，会发生什么?,闲得无聊的仙女,9090,1.0,20049,31595,https://www.zhihu.com/question/372168103/answer/2774467976,03_现代情感家庭/2774467976_372168103.txt,03_现代情感家庭/2774467976_372168103.json,ea9f079adf5ecd0a84124c85fa5f5d0d93bf6b7ab01ce2e26505458bdc979de8
03_现代情感家庭,455343779,278913737,男生相亲时遇到过什么样的女生？,嘉北,5052,1.0,19807,5398,https://www.zhihu.com/question/278913737/answer/455343779,03_现代情感家庭/455343779_278913737.txt,03_现代情感家庭/455343779_278913737.json,73c4a81d10d4abc8cb01f502ba06e0fc12e5b978dda836d3f2928a1bdfaf44a2
03_现代情感家庭,3396666068,479885247,有没有什么甜到爆炸的言情小说？,七月,6436,1.0,19347,6327,https://www.zhihu.com/question/479885247/answer/3396666068,03_现代情感家庭/3396666068_479885247.txt,03_现代情感家庭/3396666068_479885247.json,12146a751b9e871043aa3e8eea20bd023f2d52efa659611dbb4822ce6fb83dee
03_现代情感家庭,3622400621,659704931,有没有深夜看哭的虐文?,毒思邪,5939,1.0,18956,3616,https://www.zhihu.com/question/659704931/answer/3622400621,03_现代情感家庭/3622400621_659704931.txt,03_现代情感家庭/3622400621_659704931.json,7cd5e400582e5186feede38b447573144aa27b6c2f05552b3a9631c212e1f471
03_现代情感家庭,1433127738,407609343,如果你穿越成了病娇反派的白月光怎么办?,阿卜策得,7377,1.0,17717,24493,https://www.zhihu.com/question/407609343/answer/1433127738,03_现代情感家庭/1433127738_407609343.txt,03_现代情感家庭/1433127738_407609343.json,7668010ab437aa13c0f1201e886938407639be0ff472d2dd28b162aaed45b369
03_现代情感家庭,1913399811400503315,407609343,如果你穿越成了病娇反派的白月光怎么办?,姜小生,5656,1.0,17703,6366,https://www.zhihu.com/question/407609343/answer/1913399811400503315,03_现代情感家庭/1913399811400503315_407609343.txt,03_现代情感家庭/1913399811400503315_407609343.json,791e23e95110df66ea32e741aa9b38354f1de9da48534d633c076eb10e601f2a
03_现代情感家庭,2367484805,498621374,有没有可以笑出姨妈笑的甜文？,算了不安全,9465,1.0,15357,10332,https://www.zhihu.com/question/498621374/answer/2367484805,03_现代情感家庭/2367484805_498621374.txt,03_现代情感家庭/2367484805_498621374.json,f1adcf4444631d6df453f22762317f91be476355bb4ea1d604ec39df574a891c
03_现代情感家庭,2554565947,438706550,有哪些好看的小甜文？,甜酒饭团,5267,1.0,15045,22977,https://www.zhihu.com/question/438706550/answer/2554565947,03_现代情感家庭/2554565947_438706550.txt,03_现代情感家庭/2554565947_438706550.json,0bdc4ab6e7adf8e0f256bcbff108c7836ba0accd15fb9463ec897e4c22c88eca
03_现代情感家庭,3257901908,580075993,有没有大格局的女主文？,吧唧一口,8723,1.0,14884,7408,https://www.zhihu.com/question/580075993/answer/3257901908,03_现代情感家庭/3257901908_580075993.txt,03_现代情感家庭/3257901908_580075993.json,a300fba706e6edd3e9d4b6b4a977c7e8784cca084c7072100800bb00883ca075
03_现代情感家庭,3353247850,515788289,有没有能让人笑得好大声的沙雕文搞笑甜文啊？,酒精,5890,1.0,14148,9147,https://www.zhihu.com/question/515788289/answer/3353247850,03_现代情感家庭/3353247850_515788289.txt,03_现代情感家庭/3353247850_515788289.json,4a8beeee0745065d49643ee0b2251bb370c18a8d3bf76d4acb9dbf439ac35c33
03_现代情感家庭,3211563988,482573671,有没有甜到让人小鹿乱撞的甜宠文？,夏文雨林,9084,1.0,13560,2228,https://www.zhihu.com/question/482573671/answer/3211563988,03_现代情感家庭/3211563988_482573671.txt,03_现代情感家庭/3211563988_482573671.json,1c6fc2dbf78e44a249d9b94a3cf691387aec8e41bb7c38f6765ddc934899aedc
03_现代情感家庭,2143442434,382880947,有没有男主偏执成狂占有欲很强的病娇文值得推荐？,滿月,7947,1.0,13020,15467,https://www.zhihu.com/question/382880947/answer/2143442434,03_现代情感家庭/2143442434_382880947.txt,03_现代情感家庭/2143442434_382880947.json,e9f1f8ec95a28e64974d7ed07255c973eb90b48ab45a29c4409047cbbdc97fb0
03_现代情感家庭,2810358702,487857020,有没有好看的青梅竹马的小甜文？,你给俺一个说法,9768,1.0,12978,5478,https://www.zhihu.com/question/487857020/answer/2810358702,03_现代情感家庭/2810358702_487857020.txt,03_现代情感家庭/2810358702_487857020.json,c4e985d421b9bc4dbfa49bd5ae2adc805467a071835cd315aeaccdab98e3d92d
03_现代情感家庭,110021445103,556513976,有哪些特别好看的豪门霸总小说？,七月,6394,1.0,12815,7770,https://www.zhihu.com/question/556513976/answer/110021445103,03_现代情感家庭/110021445103_556513976.txt,03_现代情感家庭/110021445103_556513976.json,7e667154162c11a44120b8a6ce6e07e8499c1ada04fe4ef94a738597451b00e6
03_现代情感家庭,3437539770,66709333,真正的狠人是什么样的？,甜呱,9248,1.0,11980,1319,https://www.zhihu.com/question/66709333/answer/3437539770,03_现代情感家庭/3437539770_66709333.txt,03_现代情感家庭/3437539770_66709333.json,4e8fc5fcf2de99a893e83616f9e6ef0b86b7918fd7504bfecd414c05223168f8
03_现代情感家庭,2357498149,463994029,请问有没有什么好看的替身文?,风触琴鸣,5552,1.0,11936,10632,https://www.zhihu.com/question/463994029/answer/2357498149,03_现代情感家庭/2357498149_463994029.txt,03_现代情感家庭/2357498149_463994029.json,cea827d92800e7c7b415117213006887f20c68ca51be87423dc64fe919853190
03_现代情感家庭,2778864806,509288383,有什么很甜的小甜文？,小白白白,6222,1.0,11424,13567,https://www.zhihu.com/question/509288383/answer/2778864806,03_现代情感家庭/2778864806_509288383.txt,03_现代情感家庭/2778864806_509288383.json,cc98aa3d0d1e5f2f89e679fcb84b6b9cc5b3f493ddf9c900d625970634bd1d1a
03_现代情感家庭,2757777975,287743549,有哪些小说男主很宠女主？,爱吃鱼的猫,8434,1.0,11102,9431,https://www.zhihu.com/question/287743549/answer/2757777975,03_现代情感家庭/2757777975_287743549.txt,03_现代情感家庭/2757777975_287743549.json,047aa536bfe8a275834d5642831a0a8fbbe76eb69f41706cfcac3dda51eda678
03_现代情感家庭,3107635069,515788289,有没有能让人笑得好大声的沙雕文搞笑甜文啊？,动感小烧饼,8508,1.0,10952,5430,https://www.zhihu.com/question/515788289/answer/3107635069,03_现代情感家庭/3107635069_515788289.txt,03_现代情感家庭/3107635069_515788289.json,4f535b949d3ff0894c9cb522923a13b141a732d5d54153282fa4960fbccec0c6
03_现代情感家庭,109963098167,462480016,有没有甜到在床上打滚的完结甜文？,十二杯可可,5451,1.0,10856,2841,https://www.zhihu.com/question/462480016/answer/109963098167,03_现代情感家庭/109963098167_462480016.txt,03_现代情感家庭/109963098167_462480016.json,23f1990455b39f2c8b679e76215f8fd7a6dfa01e63edc184ae2555b772161c30
03_现代情感家庭,2424535174,471376074,有没有什么甜文推荐，甜死我的那种?,平生欢,7125,1.0,10837,17166,https://www.zhihu.com/question/471376074/answer/2424535174,03_现代情感家庭/2424535174_471376074.txt,03_现代情感家庭/2424535174_471376074.json,7f43ce8d89787ee083ceac2dfb4a24d340baf4bf302bd05f82a430f3963bf883
03_现代情感家庭,2515138798,56895124,校园恋爱有多甜？,雪烧甜,5881,1.0,10715,28097,https://www.zhihu.com/question/56895124/answer/2515138798,03_现代情感家庭/2515138798_56895124.txt,03_现代情感家庭/2515138798_56895124.json,7d5b91bd29c2dfdcb43623bcb4c9c807971ede1f6c36dd6c33137ad00bdddd85
03_现代情感家庭,2274872385,463535839,有没有看得欲罢不能的替身文？,小周想发财,8291,1.0,10678,14960,https://www.zhihu.com/question/463535839/answer/2274872385,03_现代情感家庭/2274872385_463535839.txt,03_现代情感家庭/2274872385_463535839.json,b003e905467c0d9e2cde0b1ee5845d94b81f5608f85146a0e36adffb74ce33a0
